<?xml version="1.0"?>
<doc>
    <assembly>
        <name>ShipApp</name>
    </assembly>
    <members>
        <member name="F:ShipAppUp.MainForm.components">
            <summary>
            Required designer variable.
            </summary>
        </member>
        <member name="M:ShipAppUp.MainForm.Dispose(System.Boolean)">
            <summary>
            Clean up any resources being used.
            </summary>
            <param name="disposing">true if managed resources should be disposed; otherwise, false.</param>
        </member>
        <member name="M:ShipAppUp.MainForm.InitializeComponent">
            <summary>
            Required method for Designer support - do not modify
            the contents of this method with the code editor.
            </summary>
        </member>
        <member name="F:ShipAppUp.MainFormAuth.components">
            <summary>
            Required designer variable.
            </summary>
        </member>
        <member name="M:ShipAppUp.MainFormAuth.Dispose(System.Boolean)">
            <summary>
            Clean up any resources being used.
            </summary>
            <param name="disposing">true if managed resources should be disposed; otherwise, false.</param>
        </member>
        <member name="M:ShipAppUp.MainFormAuth.InitializeComponent">
            <summary>
            Required method for Designer support - do not modify
            the contents of this method with the code editor.
            </summary>
        </member>
        <member name="F:ShipAppUp.MainFormBerth.components">
            <summary>
            Required designer variable.
            </summary>
        </member>
        <member name="M:ShipAppUp.MainFormBerth.Dispose(System.Boolean)">
            <summary>
            Clean up any resources being used.
            </summary>
            <param name="disposing">true if managed resources should be disposed; otherwise, false.</param>
        </member>
        <member name="M:ShipAppUp.MainFormBerth.InitializeComponent">
            <summary>
            Required method for Designer support - do not modify
            the contents of this method with the code editor.
            </summary>
        </member>
        <member name="F:ShipAppUp.MainFormEventAdmin.components">
            <summary>
            Required designer variable.
            </summary>
        </member>
        <member name="M:ShipAppUp.MainFormEventAdmin.Dispose(System.Boolean)">
            <summary>
            Clean up any resources being used.
            </summary>
            <param name="disposing">true if managed resources should be disposed; otherwise, false.</param>
        </member>
        <member name="M:ShipAppUp.MainFormEventAdmin.InitializeComponent">
            <summary>
            Required method for Designer support - do not modify
            the contents of this method with the code editor.
            </summary>
        </member>
        <member name="F:ShipAppUp.MainFormEventUser.components">
            <summary>
            Required designer variable.
            </summary>
        </member>
        <member name="M:ShipAppUp.MainFormEventUser.Dispose(System.Boolean)">
            <summary>
            Clean up any resources being used.
            </summary>
            <param name="disposing">true if managed resources should be disposed; otherwise, false.</param>
        </member>
        <member name="M:ShipAppUp.MainFormEventUser.InitializeComponent">
            <summary>
            Required method for Designer support - do not modify
            the contents of this method with the code editor.
            </summary>
        </member>
        <member name="F:ShipAppUp.MainFormMenuAdmin.components">
            <summary>
            Required designer variable.
            </summary>
        </member>
        <member name="M:ShipAppUp.MainFormMenuAdmin.Dispose(System.Boolean)">
            <summary>
            Clean up any resources being used.
            </summary>
            <param name="disposing">true if managed resources should be disposed; otherwise, false.</param>
        </member>
        <member name="M:ShipAppUp.MainFormMenuAdmin.InitializeComponent">
            <summary>
            Required method for Designer support - do not modify
            the contents of this method with the code editor.
            </summary>
        </member>
        <member name="F:ShipAppUp.MainFormMenuUser.components">
            <summary>
            Required designer variable.
            </summary>
        </member>
        <member name="M:ShipAppUp.MainFormMenuUser.Dispose(System.Boolean)">
            <summary>
            Clean up any resources being used.
            </summary>
            <param name="disposing">true if managed resources should be disposed; otherwise, false.</param>
        </member>
        <member name="M:ShipAppUp.MainFormMenuUser.InitializeComponent">
            <summary>
            Required method for Designer support - do not modify
            the contents of this method with the code editor.
            </summary>
        </member>
        <member name="F:ShipAppUp.MainFormPorts.components">
            <summary>
            Required designer variable.
            </summary>
        </member>
        <member name="M:ShipAppUp.MainFormPorts.Dispose(System.Boolean)">
            <summary>
            Clean up any resources being used.
            </summary>
            <param name="disposing">true if managed resources should be disposed; otherwise, false.</param>
        </member>
        <member name="M:ShipAppUp.MainFormPorts.InitializeComponent">
            <summary>
            Required method for Designer support - do not modify
            the contents of this method with the code editor.
            </summary>
        </member>
        <member name="F:ShipAppUp.MainFormShip.components">
            <summary>
            Required designer variable.
            </summary>
        </member>
        <member name="M:ShipAppUp.MainFormShip.Dispose(System.Boolean)">
            <summary>
            Clean up any resources being used.
            </summary>
            <param name="disposing">true if managed resources should be disposed; otherwise, false.</param>
        </member>
        <member name="M:ShipAppUp.MainFormShip.InitializeComponent">
            <summary>
            Required method for Designer support - do not modify
            the contents of this method with the code editor.
            </summary>
        </member>
        <member name="F:ShipAppUp.MainLogin.components">
            <summary>
            Required designer variable.
            </summary>
        </member>
        <member name="M:ShipAppUp.MainLogin.Dispose(System.Boolean)">
            <summary>
            Clean up any resources being used.
            </summary>
            <param name="disposing">true if managed resources should be disposed; otherwise, false.</param>
        </member>
        <member name="M:ShipAppUp.MainLogin.InitializeComponent">
            <summary>
            Required method for Designer support - do not modify
            the contents of this method with the code editor.
            </summary>
        </member>
        <member name="M:ShipAppUp.Program.Main">
            <summary>
            The main entry point for the application.
            </summary>
        </member>
        <member name="T:ShipAppUp.Properties.Resources">
            <summary>
              A strongly-typed resource class, for looking up localized strings, etc.
            </summary>
        </member>
        <member name="P:ShipAppUp.Properties.Resources.ResourceManager">
            <summary>
              Returns the cached ResourceManager instance used by this class.
            </summary>
        </member>
        <member name="P:ShipAppUp.Properties.Resources.Culture">
            <summary>
              Overrides the current thread's CurrentUICulture property for all
              resource lookups using this strongly typed resource class.
            </summary>
        </member>
    </members>
</doc>
